MSW93_Order,MSW93_Family,MSW93_Genus,MSW93_Species,MSW93_Binomial,AdultBodyMass_g,Mass (kg),PopulationDensity_n/km2,Biomass_density,Lat,Lon
Artiodactyla,Camelidae,Camelus,dromedarius,Camelus dromedarius,488000,488,0.97,473.36,,
Sirenia,Trichechidae,Trichechus,inunguis,Trichechus inunguis,4180000,4180,,0,,
Carnivora,Phocidae,Leptonychotes,weddellii,Leptonychotes weddellii,400000,400,0.12,48,,
Carnivora,Ursidae,Ursus,maritimus,Ursus maritimus,375000,375,0.00705,2.64375,,
Carnivora,Phocidae,Cystophora,cristata,Cystophora cristata,279000,279,0.00482,1.34478,,
Artiodactyla,Bovidae,Kobus,ellipsiprymnus,Kobus ellipsiprymnus,202000,202,2.4,484.8,-6.47,14.41
Carnivora,Phocidae,Halichoerus,grypus,Halichoerus grypus,197000,197,,0,,
Artiodactyla,Bovidae,Connochaetes,taurinus,Connochaetes taurinus,196000,196,7.77,1522.92,-15.63,26.5
Carnivora,Ursidae,Ursus,arctos,Ursus arctos,196000,196,0.02,3.92,50.76,5.93
Carnivora,Felidae,Panthera,tigris,Panthera tigris,163000,163,0.03,4.89,21.02,105.29
Carnivora,Felidae,Panthera,leo,Panthera leo,159000,159,0.11,17.49,-3.41,28.65
Carnivora,Phocidae,Phoca,groenlandica,Phoca groenlandica,132000,132,0.09,11.88,,
Carnivora,Ursidae,Ursus,americanus,Ursus americanus,111000,111,0.73,81.03,47.57,-1.76E-08
Carnivora,Phocidae,Phoca,largha,Phoca largha,99300,99.3,,0,,
Carnivora,Ursidae,Melursus,ursinus,Melursus ursinus,98900,98.9,0.14,13.846,18.25,85.13
Carnivora,Phocidae,Phoca,vitulina,Phoca vitulina,87300,87.3,5.68,495.864,,
Carnivora,Felidae,Panthera,onca,Panthera onca,84900,84.9,0.04,3.396,-1.76,-73.43
Artiodactyla,Bovidae,Ovis,canadensis,Ovis canadensis,74600,74.6,1.51,112.646,40.48,-112.75
Artiodactyla,Bovidae,Oreamnos,americanus,Oreamnos americanus,71300,71.3,,0,54.06,-131.08
Carnivora,Phocidae,Phoca,hispida,Phoca hispida,71100,71.1,0.95,67.545,,
Tubulidentata,Orycteropodidae,Orycteropus,afer,Orycteropus afer,58200,58.2,,0,-5.68,16.93
Carnivora,Felidae,Puma,concolor,Puma concolor,53900,53.9,0.02,1.078,3.28,-85.07
Carnivora,Felidae,Acinonyx,jubatus,Acinonyx jubatus,50500,50.5,0.01,0.505,4.24,22.95
Rodentia,Hydrochaeridae,Hydrochaeris,hydrochaeris,Hydrochaeris hydrochaeris,47500,47.5,126,5985,-13.51,-57.42
Artiodactyla,Antilocapridae,Antilocapra,americana,Antilocapra americana,46900,46.9,0.83,38.927,37.21,-108.14
Primates,Hominidae,Pan,troglodytes,Pan troglodytes,45100,45.1,1.64,73.964,2.2,7.81
Xenarthra,Dasypodidae,Priodontes,maximus,Priodontes maximus,42700,42.7,0.35,14.945,-9.26,-61.24
Carnivora,Otariidae,Arctocephalus,galapagoensis,Arctocephalus galapagoensis,39500,39.5,,0,,
Diprotodontia,Macropodidae,Macropus,rufus,Macropus rufus,39000,39,3.17,123.63,-26.58,131.89
Carnivora,Hyaenidae,Hyaena,hyaena,Hyaena hyaena,35100,35.1,,0,16.93,34.64
Carnivora,Canidae,Canis,lupus,Canis lupus,35000,35,0.01,0.35,47.38,3.9
Xenarthra,Myrmecophagidae,Myrmecophaga,tridactyla,Myrmecophaga tridactyla,27900,27.9,1.1,30.69,-7.71,-62.79
Carnivora,Mustelidae,Enhydra,lutris,Enhydra lutris,27500,27.5,6.47,177.925,,
Diprotodontia,Vombatidae,Lasiorhinus,latifrons,Lasiorhinus latifrons,26200,26.2,68,1781.6,-32.27,133.28
Diprotodontia,Macropodidae,Macropus,robustus,Macropus robustus,26000,26,40,1040,-23.95,133.39
Artiodactyla,Cervidae,Capreolus,capreolus,Capreolus capreolus,22400,22.4,7.72,172.928,51.25,22.79
Carnivora,Canidae,Lycaon,pictus,Lycaon pictus,22000,22,0.01,0.22,-2.74,18.43
Rodentia,Hystricidae,Hystrix,africaeaustralis,Hystrix africaeaustralis,14900,14.9,,0,-17.01,24.88
Carnivora,Viverridae,Arctictis,binturong,Arctictis binturong,13000,13,,0,9.84,104.16
Carnivora,Mustelidae,Gulo,gulo,Gulo gulo,12800,12.8,0.00792,0.101376,60.67,5.93
Carnivora,Canidae,Canis,latrans,Canis latrans,12000,12,0.25,3,39.7,-117.6
Carnivora,Felidae,Leopardus,pardalis,Leopardus pardalis,11900,11.9,0.43,5.117,-0.41,-74.28
Carnivora,Mustelidae,Meles,meles,Meles meles,11900,11.9,2.54,30.226,43.47,67.67
Artiodactyla,Bovidae,Raphicerus,campestris,Raphicerus campestris,11600,11.6,1.24,14.384,-16.61,26.74
Primates,Cercopithecidae,Colobus,guereza,Colobus guereza,10000,10,100,1000,5.15,26.26
Monotremata,Tachyglossidae,Zaglossus,bruijni,Zaglossus bruijni,8950,8.95,1.6,14.32,-4.95,139.79
Carnivora,Mustelidae,Lutra,lutra,Lutra lutra,8860,8.86,0.85,7.531,27.69,72.5
Dasyuromorphia,Dasyuridae,Sarcophilus,laniarius,Sarcophilus laniarius,8350,8.35,5.9,49.265,-42.14,146.48
Diprotodontia,Macropodidae,Dendrolagus,matschiei,Dendrolagus matschiei,8320,8.32,,0,-6.13,147.36
Carnivora,Hyaenidae,Proteles,cristatus,Proteles cristatus,8290,8.29,0.82,6.7978,-5.74,31.56
Rodentia,Agoutidae,Agouti,paca,Agouti paca,8180,8.18,49,400.82,-3.86,-68.08
Pholidota,Manidae,Manis,crassicaudata,Manis crassicaudata,8020,8.02,,0,19.57,79
Carnivora,Mustelidae,Taxidea,taxus,Taxidea taxus,7840,7.84,1.98,15.5232,38.45,-101.73
Carnivora,Procyonidae,Procyon,cancrivorus,Procyon cancrivorus,6950,6.95,5.82,40.449,-11.16,-59.17
Primates,Cebidae,Alouatta,palliata,Alouatta palliata,6580,6.58,59,388.22,6.95,-86.17
Diprotodontia,Phascolarctidae,Phascolarctos,cinereus,Phascolarctos cinereus,6580,6.58,164,1079.12,-28.2,145.92
Primates,Cercopithecidae,Macaca,mulatta,Macaca mulatta,6450,6.45,11.1,71.595,25.07,96.67
Carnivora,Felidae,Lynx,rufus,Lynx rufus,6390,6.39,0.1,0.639,37.75,-94.33
Carnivora,Procyonidae,Procyon,lotor,Procyon lotor,6370,6.37,3.29,20.9573,32.99,-94.43
Carnivora,Canidae,Cerdocyon,thous,Cerdocyon thous,5740,5.74,3.59,20.6066,-11.22,-55.68
Xenarthra,Megalonychidae,Choloepus,hoffmanni,Choloepus hoffmanni,5510,5.51,120,661.2,-0.19,-75.97
Diprotodontia,Macropodidae,Thylogale,thetis,Thylogale thetis,5400,5.4,360,1944,-29.76,151.4
Diprotodontia,Macropodidae,Macropus,eugenii,Macropus eugenii,5280,5.28,73.9,390.192,-32.25,125.9
Rodentia,Capromyidae,Capromys,pilorides,Capromys pilorides,5200,5.2,,0,21.51,-79.54
Carnivora,Ursidae,Ailurus,fulgens,Ailurus fulgens,5170,5.17,,0,28.38,94.38
Primates,Cercopithecidae,Cercopithecus,mitis,Cercopithecus mitis,5040,5.04,70.4,354.816,-10.49,29.52
Artiodactyla,Bovidae,Cephalophus,monticola,Cephalophus monticola,4860,4.86,35.7,173.502,-12.45,23.22
Pholidota,Manidae,Manis,javanica,Manis javanica,4860,4.86,,0,6.31,106.7
Carnivora,Canidae,Vulpes,vulpes,Vulpes vulpes,4840,4.84,1.11,5.3724,43.1,-1.76E-08
Xenarthra,Dasypodidae,Euphractus,sexcinctus,Euphractus sexcinctus,4780,4.78,1.8,8.604,-16.24,-50.43
Artiodactyla,Bovidae,Madoqua,kirkii,Madoqua kirkii,4770,4.77,19,90.63,-6.58,31.14
Rodentia,Chinchillidae,Lagostomus,maximus,Lagostomus maximus,4660,4.66,,0,-29.96,-63.2
Xenarthra,Myrmecophagidae,Tamandua,tetradactyla,Tamandua tetradactyla,4650,4.65,5.39,25.0635,-10.06,-56.5
Carnivora,Procyonidae,Nasua,narica,Nasua narica,4580,4.58,6.11,27.9838,21.26,-95.33
Xenarthra,Dasypodidae,Chaetophractus,villosus,Chaetophractus villosus,4540,4.54,,0,-33.67,-62.32
Monotremata,Tachyglossidae,Tachyglossus,aculeatus,Tachyglossus aculeatus,4500,4.5,,0,-22.26,133.39
Carnivora,Felidae,Felis,silvestris,Felis silvestris,4490,4.49,2.95,13.2455,8.59,47.3
Carnivora,Canidae,Nyctereutes,procyonoides,Nyctereutes procyonoides,4220,4.22,12,50.64,38.26,109.24
Diprotodontia,Macropodidae,Macropus,parma,Macropus parma,4160,4.16,,0,-31.52,151.29
Carnivora,Mustelidae,Eira,barbara,Eira barbara,4140,4.14,1.8,7.452,-4.49,-72.54
Rodentia,Erethizontidae,Coendou,prehensilis,Coendou prehensilis,4120,4.12,36.2,149.144,-8.43,-53.78
Rodentia,Sciuridae,Marmota,marmota,Marmota marmota,4060,4.06,588,2387.28,46.15,9.96
Diprotodontia,Phalangeridae,Spilocuscus,maculatus,Spilocuscus maculatus,4060,4.06,,0,-5.35,140.54
Xenarthra,Myrmecophagidae,Tamandua,mexicana,Tamandua mexicana,4040,4.04,4.88,19.7152,8.71,-86.73
Xenarthra,Dasypodidae,Dasypus,novemcinctus,Dasypus novemcinctus,4000,4,20.7,82.8,4.48,-71.74
Lagomorpha,Leporidae,Lepus,alleni,Lepus alleni,3930,3.93,16.1,63.273,27.64,-109.08
Rodentia,Sciuridae,Marmota,monax,Marmota monax,3880,3.88,137,531.56,48.68,-102.92
Xenarthra,Bradypodidae,Bradypus,variegatus,Bradypus variegatus,3860,3.86,512,1976.32,-5.77,-64.88
Xenarthra,Dasypodidae,Cabassous,centralis,Cabassous centralis,3810,3.81,,0,10.74,-80.43
Carnivora,Procyonidae,Nasua,nasua,Nasua nasua,3790,3.79,15.5,58.745,-11.55,-58.87
Rodentia,Sciuridae,Marmota,flaviventris,Marmota flaviventris,3710,3.71,6.9,25.599,42.67,-111.9
Primates,Indridae,Propithecus,verreauxi,Propithecus verreauxi,3650,3.65,150,547.5,-20.07,45.93
Carnivora,Canidae,Alopex,lagopus,Alopex lagopus,3600,3.6,0.1,0.36,65.45,-1.76E-08
Lagomorpha,Leporidae,Lepus,townsendii,Lepus townsendii,3380,3.38,5.24,17.7112,45.35,-105.06
Dasyuromorphia,Dasyuridae,Dasyurus,maculatus,Dasyurus maculatus,3360,3.36,3.5,11.76,-28.9,147.28
Carnivora,Felidae,Leopardus,wiedii,Leopardus wiedii,3270,3.27,,0,-3.38,-74.15
Carnivora,Viverridae,Paradoxurus,hermaphroditus,Paradoxurus hermaphroditus,3200,3.2,,0,12.12,99.45
Hyracoidea,Procaviidae,Dendrohyrax,dorsalis,Dendrohyrax dorsalis,3180,3.18,,0,3.97,8
Diprotodontia,Macropodidae,Setonix,brachyurus,Setonix brachyurus,3030,3.03,580,1757.4,-33.56,116.86
Rodentia,Dasyproctidae,Dasyprocta,leporina,Dasyprocta leporina,3020,3.02,50.4,152.208,-6.31,-55.99
Rodentia,Dasyproctidae,Dasyprocta,azarae,Dasyprocta azarae,2980,2.98,,0,-22.96,-53.44
Hyracoidea,Procaviidae,Procavia,capensis,Procavia capensis,2950,2.95,2720,8024,0.08,20.08
Diprotodontia,Macropodidae,Lagorchestes,conspicillatus,Lagorchestes conspicillatus,2820,2.82,42,118.44,-19.24,133.08
Diprotodontia,Potoroidae,Aepyprymnus,rufescens,Aepyprymnus rufescens,2800,2.8,40,112,-26.2,148.79
Diprotodontia,Phalangeridae,Trichosurus,vulpecula,Trichosurus vulpecula,2700,2.7,126,340.2,-27.96,134.29
Rodentia,Pedetidae,Pedetes,capensis,Pedetes capensis,2550,2.55,,0,-15.49,26.25
Carnivora,Procyonidae,Potos,flavus,Potos flavus,2480,2.48,34.5,85.56,0.3,-68.67
Didelphimorphia,Didelphidae,Didelphis,virginiana,Didelphis virginiana,2470,2.47,17.9,44.213,27.61,-89.73
Hyracoidea,Procaviidae,Heterohyrax,brucei,Heterohyrax brucei,2450,2.45,5700,13965,3.69,25.74
Lagomorpha,Leporidae,Lepus,californicus,Lepus californicus,2420,2.42,12,29.04,33.7,-108.3
Carnivora,Mustelidae,Mephitis,mephitis,Mephitis mephitis,2400,2.4,8.21,19.704,43.15,-94.89
Primates,Lemuridae,Eulemur,fulvus,Eulemur fulvus,2390,2.39,221,528.19,-18.71,47.04
Carnivora,Viverridae,Arctogalidia,trivirgata,Arctogalidia trivirgata,2320,2.32,,0,10.9,105.38
Xenarthra,Dasypodidae,Chaetophractus,nationi,Chaetophractus nationi,2170,2.17,,0,-19.24,-67.74
Carnivora,Viverridae,Nandinia,binotata,Nandinia binotata,2170,2.17,5,10.85,-3.92,11.45
Carnivora,Canidae,Vulpes,velox,Vulpes velox,2140,2.14,0.23,0.4922,33.24,-110.52
Carnivora,Viverridae,Genetta,tigrina,Genetta tigrina,2070,2.07,,0,-28.48,25.37
Artiodactyla,Tragulidae,Tragulus,javanicus,Tragulus javanicus,1870,1.87,,0,9.09,98.14
Carnivora,Viverridae,Fossa,fossana,Fossa fossana,1860,1.86,3.46,6.4356,-18.81,48.5
Rodentia,Caviidae,Dolichotis,salinicola,Dolichotis salinicola,1610,1.61,,0,-25.7,-62.5
Lagomorpha,Leporidae,Lepus,americanus,Lepus americanus,1570,1.57,100,157,52.03,-110.38
Pholidota,Manidae,Manis,tricuspis,Manis tricuspis,1540,1.54,44.9,69.146,-0.23,9.54
Xenarthra,Dasypodidae,Zaedyus,pichiy,Zaedyus pichiy,1530,1.53,,0,-40.89,-65.66
Peramelemorphia,Peramelidae,Isoodon,macrourus,Isoodon macrourus,1510,1.51,70,105.7,-21.13,138.53
Monotremata,Ornithorhynchidae,Ornithorhynchus,anatinus,Ornithorhynchus anatinus,1480,1.48,,0,-29.96,145.08
Xenarthra,Dasypodidae,Tolypeutes,matacus,Tolypeutes matacus,1340,1.34,7,9.38,-23.51,-61.26
Carnivora,Canidae,Vulpes,zerda,Vulpes zerda,1320,1.32,,0,25.73,15.99
Carnivora,Mustelidae,Martes,martes,Martes martes,1300,1.3,0.44,0.572,53.35,37.01
Rodentia,Muridae,Cricetomys,gambianus,Cricetomys gambianus,1270,1.27,,0,-6.06,11.72
Diprotodontia,Potoroidae,Bettongia,penicillata,Bettongia penicillata,1260,1.26,20,25.2,-25.14,130.23
Diprotodontia,Pseudocheiridae,Petauroides,volans,Petauroides volans,1260,1.26,69,86.94,-27.39,149.07
Primates,Galagonidae,Otolemur,crassicaudatus,Otolemur crassicaudatus,1250,1.25,88.5,110.625,-14.71,26.51
Peramelemorphia,Peramelidae,Macrotis,lagotis,Macrotis lagotis,1230,1.23,8,9.84,-22.16,129.28
Didelphimorphia,Didelphidae,Didelphis,marsupialis,Didelphis marsupialis,1150,1.15,70.5,81.075,2.79,-71.61
Dasyuromorphia,Dasyuridae,Dasyurus,geoffroii,Dasyurus geoffroii,1140,1.14,2.3,2.622,-33.17,118.37
Dasyuromorphia,Dasyuridae,Dasyurus,viverrinus,Dasyurus viverrinus,1130,1.13,19,21.47,-41.61,146.15
Diprotodontia,Potoroidae,Potorous,tridactylus,Potorous tridactylus,1090,1.09,21.4,23.326,-34.86,135.69
Primates,Loridae,Perodicticus,potto,Perodicticus potto,1080,1.08,8.53,9.2124,1.77,10.55
Peramelemorphia,Peroryctidae,Echymipera,rufescens,Echymipera rufescens,1050,1.05,,0,-7.55,140.5
Rodentia,Muridae,Ondatra,zibethicus,Ondatra zibethicus,992,0.992,,0,48.69,-110.38
Carnivora,Mustelidae,Mustela,putorius,Mustela putorius,984,0.984,0.83,0.81672,47.73,27.32
Didelphimorphia,Didelphidae,Chironectes,minimus,Chironectes minimus,979,0.979,,0,-6.63,-70.72
Primates,Loridae,Nycticebus,coucang,Nycticebus coucang,971,0.971,20,19.42,9.19,104.29
Rodentia,Dasyproctidae,Myoprocta,acouchy,Myoprocta acouchy,944,0.944,6.06,5.72064,-0.5,-55.83
Xenarthra,Dasypodidae,Chaetophractus,vellerosus,Chaetophractus vellerosus,939,0.939,,0,-23.25,-62.21
Primates,Cebidae,Aotus,trivirgatus,Aotus trivirgatus,912,0.912,24.5,22.344,4.15,-65.62
Carnivora,Procyonidae,Bassariscus,sumichrasti,Bassariscus sumichrasti,906,0.906,18.1,16.3986,15.06,-91.5
Carnivora,Mustelidae,Mustela,vison,Mustela vison,904,0.904,2.5,2.26,48.16,-111.87
Insectivora,Tenrecidae,Tenrec,ecaudatus,Tenrec ecaudatus,900,0.9,,0,-18.96,46.82
Diprotodontia,Pseudocheiridae,Pseudocheirus,peregrinus,Pseudocheirus peregrinus,894,0.894,655,585.57,-27.16,134.3
Lagomorpha,Leporidae,Sylvilagus,audubonii,Sylvilagus audubonii,883,0.883,290,256.07,33.57,-110.26
Carnivora,Mustelidae,Martes,americana,Martes americana,882,0.882,0.67,0.59094,52.85,-107.58
Rodentia,Bathyergidae,Bathyergus,suillus,Bathyergus suillus,830,0.83,70,58.1,-33.07,20.54
Peramelemorphia,Peroryctidae,Echymipera,kalubu,Echymipera kalubu,825,0.825,,0,-5.19,141.05
Insectivora,Erinaceidae,Echinosorex,gymnura,Echinosorex gymnura,818,0.818,,0,2.69,107.22
Chiroptera,Pteropodidae,Pteropus,giganteus,Pteropus giganteus,818,0.818,,0,17.95,81.85
Rodentia,Aplodontidae,Aplodontia,rufa,Aplodontia rufa,806,0.806,778,627.068,43.22,-121.47
Insectivora,Erinaceidae,Erinaceus,europaeus,Erinaceus europaeus,800,0.8,123,98.4,53.78,15.38
Rodentia,Caviidae,Kerodon,rupestris,Kerodon rupestris,800,0.8,,0,-9.78,-42.32
Rodentia,Sciuridae,Cynomys,ludovicianus,Cynomys ludovicianus,797,0.797,1830,1458.51,39.25,-104.8
Carnivora,Herpestidae,Herpestes,javanicus,Herpestes javanicus,765,0.765,39.6,30.294,14.29,78.4
Primates,Cebidae,Saimiri,sciureus,Saimiri sciureus,750,0.75,36.1,27.075,-0.64,-61.33
Rodentia,Sciuridae,Spermophilus,undulatus,Spermophilus undulatus,743,0.743,296,219.928,53.49,104.83
Carnivora,Herpestidae,Suricata,suricatta,Suricata suricatta,730,0.73,,0,-24.77,21.29
Peramelemorphia,Peramelidae,Perameles,nasuta,Perameles nasuta,720,0.72,90,64.8,-27.82,148.03
Chiroptera,Pteropodidae,Pteropus,poliocephalus,Pteropus poliocephalus,702,0.702,,0,-29.16,147.48
Primates,Megaladapidae,Lepilemur,mustelinus,Lepilemur mustelinus,671,0.671,259,173.789,-15.86,49.48
Rodentia,Muridae,Uromys,caudimaculatus,Uromys caudimaculatus,644,0.644,,0,-9.25,140.75
Rodentia,Muridae,Hydromys,chrysogaster,Hydromys chrysogaster,626,0.626,,0,-22.13,133.34
Rodentia,Sciuridae,Xerus,princeps,Xerus princeps,626,0.626,,0,-21.86,15.86
Rodentia,Sciuridae,Sciurus,aberti,Sciurus aberti,623,0.623,114,71.022,,
Rodentia,Sciuridae,Spermophilus,beecheyi,Spermophilus beecheyi,598,0.598,1100,657.8,38.32,-119.65
Rodentia,Sciuridae,Xerus,inauris,Xerus inauris,572,0.572,,0,-24.11,21.48
Carnivora,Mustelidae,Spilogale,putorius,Spilogale putorius,569,0.569,4.74,2.69706,36.59,-101.85
Didelphimorphia,Didelphidae,Lutreolina,crassicaudata,Lutreolina crassicaudata,557,0.557,,0,-14.37,-58.27
Rodentia,Sciuridae,Sciurus,carolinensis,Sciurus carolinensis,546,0.546,690,376.74,39.17,-87.41
Dasyuromorphia,Myrmecobiidae,Myrmecobius,fasciatus,Myrmecobius fasciatus,522,0.522,5.3,2.7666,-33.82,117.04
Carnivora,Herpestidae,Galerella,sanguinea,Galerella sanguinea,517,0.517,,0,-7.06,16.93
Primates,Callitrichidae,Saguinus,geoffroyi,Saguinus geoffroyi,493,0.493,5.13,2.52909,6.88,-79.89
Rodentia,Ctenomyidae,Ctenomys,peruanus,Ctenomys peruanus,489,0.489,3770,1843.53,-15.83,-70.04
Dasyuromorphia,Dasyuridae,Dasyurus,hallucatus,Dasyurus hallucatus,484,0.484,16.2,7.8408,-18,133.98
Rodentia,Chinchillidae,Chinchilla,lanigera,Chinchilla lanigera,480,0.48,944,453.12,-30.39,-71.01
Rodentia,Muridae,Cannomys,badius,Cannomys badius,472,0.472,,0,19.83,95.26
Chiroptera,Pteropodidae,Pteropus,hypomelanus,Pteropus hypomelanus,433,0.433,,0,3.49,116.39
Chiroptera,Pteropodidae,Dobsonia,moluccensis,Dobsonia moluccensis,431,0.431,,0,-7.8,139.66
Rodentia,Muridae,Cricetus,cricetus,Cricetus cricetus,429,0.429,,0,51.6,48.95
Didelphimorphia,Didelphidae,Philander,opossum,Philander opossum,428,0.428,59.2,25.3376,-4.21,-67.48
Peramelemorphia,Peramelidae,Isoodon,auratus,Isoodon auratus,425,0.425,173,73.525,-17.58,121.03
Rodentia,Sciuridae,Epixerus,wilsoni,Epixerus wilsoni,422,0.422,,0,,
Insectivora,Erinaceidae,Hemiechinus,aethiopicus,Hemiechinus aethiopicus,396,0.396,,0,21.78,21.36
Rodentia,Bathyergidae,Bathyergus,janetta,Bathyergus janetta,389,0.389,,0,-29.34,17.5
Rodentia,Caviidae,Galea,musteloides,Galea musteloides,387,0.387,,0,-26.77,-64.01
Chiroptera,Pteropodidae,Pteropus,scapulatus,Pteropus scapulatus,378,0.378,,0,-23.14,133.39
Didelphimorphia,Didelphidae,Metachirus,nudicaudatus,Metachirus nudicaudatus,367,0.367,25.6,9.3952,-5.33,-64.76
Rodentia,Sciuridae,Paraxerus,palliatus,Paraxerus palliatus,366,0.366,386,141.276,-12.11,38.07
Rodentia,Echimyidae,Proechimys,semispinosus,Proechimys semispinosus,359,0.359,753,270.327,11.5,-81.02
Insectivora,Erinaceidae,Hemiechinus,auritus,Hemiechinus auritus,342,0.342,,0,37.74,65.94
Rodentia,Sciuridae,Heliosciurus,rufobrachium,Heliosciurus rufobrachium,333,0.333,,0,3.98,10.35
Didelphimorphia,Didelphidae,Caluromys,derbianus,Caluromys derbianus,330,0.33,12,3.96,8.9,-87.48
Insectivora,Erinaceidae,Atelerix,albiventris,Atelerix albiventris,329,0.329,,0,0.04,16.93
Rodentia,Sciuridae,Spermophilus,richardsonii,Spermophilus richardsonii,325,0.325,375,121.875,49.39,-105.11
Rodentia,Sciuridae,Spermophilus,armatus,Spermophilus armatus,307,0.307,4610,1415.27,42.02,-111.53
Scandentia,Tupaiidae,Urogale,everetti,Urogale everetti,301,0.301,,0,8.01,124.24
Rodentia,Echimyidae,Thrichomys,apereoides,Thrichomys apereoides,298,0.298,,0,-14.22,-47.16
Primates,Galagonidae,Euoticus,elegantulus,Euoticus elegantulus,296,0.296,16.6,4.9136,-0.26,13.54
Primates,Callitrichidae,Callithrix,jacchus,Callithrix jacchus,291,0.291,512,148.992,-6.58,-40.28
Insectivora,Tenrecidae,Setifer,setosus,Setifer setosus,290,0.29,,0,-18.96,46.83
Rodentia,Muridae,Neotoma,cinerea,Neotoma cinerea,286,0.286,,0,50.09,-119.56
Rodentia,Ctenomyidae,Ctenomys,fulvus,Ctenomys fulvus,280,0.28,,0,-26.02,-68.21
Rodentia,Bathyergidae,Cryptomys,mechowi,Cryptomys mechowi,272,0.272,,0,-12.09,23.92
Rodentia,Sciuridae,Spermophilus,beldingi,Spermophilus beldingi,272,0.272,2340,636.48,41.29,-117.72
Rodentia,Muridae,Neofiber,alleni,Neofiber alleni,265,0.265,14700,3895.5,28.09,-82.6
Primates,Loridae,Arctocebus,calabarensis,Arctocebus calabarensis,258,0.258,6.29,1.62282,5.52,9.71
Chiroptera,Pteropodidae,Pteropus,rodricensis,Pteropus rodricensis,256,0.256,,0,-19.71,63.41
Xenarthra,Myrmecophagidae,Cyclopes,didactylus,Cyclopes didactylus,255,0.255,32.6,8.313,2.82,-66.28
Rodentia,Caviidae,Microcavia,niata,Microcavia niata,255,0.255,,0,-19.93,-67
Primates,Loridae,Loris,tardigradus,Loris tardigradus,249,0.249,72.8,18.1272,13.57,77.46
Rodentia,Sciuridae,Funisciurus,pyrropus,Funisciurus pyrropus,243,0.243,,0,2.62,8.96
Chiroptera,Pteropodidae,Dobsonia,pannietensis,Dobsonia pannietensis,238,0.238,,0,-10.03,152.18
Rodentia,Muridae,Tachyoryctes,splendens,Tachyoryctes splendens,227,0.227,3430,778.61,4.93,36.73
Rodentia,Muridae,Neotoma,fuscipes,Neotoma fuscipes,224,0.224,1700,380.8,37.83,-119.69
Rodentia,Sciuridae,Paraxerus,cepapi,Paraxerus cepapi,223,0.223,353,78.719,-13.98,25.21
Rodentia,Muridae,Rattus,villosissimus,Rattus villosissimus,222,0.222,3010,668.22,-21.35,134.63
Primates,Galagonidae,Galago,senegalensis,Galago senegalensis,216,0.216,90.4,19.5264,1.95,14.48
Rodentia,Sciuridae,Spermophilus,mohavensis,Spermophilus mohavensis,213,0.213,302,64.326,35.3,-117.52
Rodentia,Muridae,Neotoma,albigula,Neotoma albigula,208,0.208,601,125.008,29.26,-107.63
Rodentia,Sciuridae,Spermophilus,townsendii,Spermophilus townsendii,207,0.207,752,155.664,46.32,-119.95
Rodentia,Octodontidae,Octodon,degus,Octodon degus,203,0.203,1150,233.45,-31.83,-71.19
Rodentia,Geomyidae,Geomys,pinetis,Geomys pinetis,201,0.201,,0,30.12,-84.2
Rodentia,Octodontidae,Octodon,lunatus,Octodon lunatus,201,0.201,,0,-32.54,-71.36
Macroscelidea,Macroscelididae,Petrodromus,tetradactylus,Petrodromus tetradactylus,201,0.201,189,37.989,-13.25,28.01
Rodentia,Sciuridae,Tamiasciurus,hudsonicus,Tamiasciurus hudsonicus,200,0.2,172,34.4,50.04,-111.87
Primates,Cheirogaleidae,Cheirogaleus,medius,Cheirogaleus medius,197,0.197,225,44.325,-19.03,46.52
Rodentia,Muridae,Sigmodon,fulviventer,Sigmodon fulviventer,196,0.196,1310,256.76,27.7,-106.32
Dasyuromorphia,Dasyuridae,Phascogale,tapoatafa,Phascogale tapoatafa,195,0.195,111,21.645,-24.57,134.3
Carnivora,Mustelidae,Mustela,frenata,Mustela frenata,191,0.191,0.76,0.14516,19.52,-94.34
Rodentia,Bathyergidae,Georychus,capensis,Georychus capensis,189,0.189,1100,207.9,-30.12,24.44
Rodentia,Muridae,Nannospalax,leucodon,Nannospalax leucodon,189,0.189,,0,43.38,23.52
Chiroptera,Pteropodidae,Pteropus,pumilus,Pteropus pumilus,184,0.184,,0,11.83,123.16
Rodentia,Muridae,Nannospalax,ehrenbergi,Nannospalax ehrenbergi,180,0.18,,0,33.38,30.86
Chiroptera,Pteropodidae,Dobsonia,praedatrix,Dobsonia praedatrix,179,0.179,,0,-4.09,150.43
Rodentia,Muridae,Conilurus,penicillatus,Conilurus penicillatus,175,0.175,,0,-12.88,133.02
Rodentia,Sciuridae,Spermophilus,lateralis,Spermophilus lateralis,175,0.175,,0,44.51,-114.27
Rodentia,Sciuridae,Spermophilus,tridecemlineatus,Spermophilus tridecemlineatus,175,0.175,389,68.075,41.11,-98.22
Rodentia,Muridae,Sigmodon,alleni,Sigmodon alleni,174,0.174,,0,19.68,-100.55
Insectivora,Tenrecidae,Echinops,telfairi,Echinops telfairi,167,0.167,,0,-22.58,44.95
Primates,Tarsiidae,Tarsius,spectrum,Tarsius spectrum,166,0.166,200,33.2,1.04,122.75
Rodentia,Octodontidae,Octodon,bridgesi,Octodon bridgesi,162,0.162,,0,-36.85,-71.72
Rodentia,Bathyergidae,Heliophobius,argenteocinereus,Heliophobius argenteocinereus,160,0.16,5800,928,-9.69,32.96
Lagomorpha,Ochotonidae,Ochotona,princeps,Ochotona princeps,158,0.158,775,122.45,44.92,-115.68
Rodentia,Muridae,Rattus,sordidus,Rattus sordidus,157,0.157,,0,-16.62,146.84
Rodentia,Geomyidae,Geomys,bursarius,Geomys bursarius,154,0.154,1250,192.5,38.9,-96.1
Rodentia,Octodontidae,Octodontomys,gliroides,Octodontomys gliroides,152,0.152,,0,-23.54,-67.05
Rodentia,Sciuridae,Spermophilus,tereticaudus,Spermophilus tereticaudus,148,0.148,1460,216.08,32.04,-113.46
Rodentia,Muridae,Rattus,colletti,Rattus colletti,146,0.146,,0,-12.59,133.54
Rodentia,Muridae,Neotoma,lepida,Neotoma lepida,144,0.144,669,96.336,33.5,-114.79
Rodentia,Sciuridae,Funisciurus,lemniscatus,Funisciurus lemniscatus,141,0.141,,0,0.02,13.9
Insectivora,Talpidae,Scapanus,townsendii,Scapanus townsendii,140,0.14,1240,173.6,44.94,-122.98
Rodentia,Muridae,Isthmomys,pirrensis,Isthmomys pirrensis,138,0.138,,0,7.86,-77.64
Rodentia,Dipodidae,Jaculus,orientalis,Jaculus orientalis,138,0.138,,0,29.53,12.46
Rodentia,Muridae,Tatera,indica,Tatera indica,138,0.138,,0,20.87,64.45
Diprotodontia,Petauridae,Gymnobelideus,leadbeateri,Gymnobelideus leadbeateri,137,0.137,258,35.346,-37.49,145.54
Chiroptera,Pteropodidae,Rousettus,egyptiacus,Rousettus egyptiacus,132,0.132,,0,1.26,24.65
Rodentia,Muridae,Sigmodon,leucotis,Sigmodon leucotis,132,0.132,,0,21.9,-101.92
Scandentia,Tupaiidae,Tupaia,glis,Tupaia glis,132,0.132,404,53.328,0.24,104.89
Rodentia,Octodontidae,Aconaemys,fuscus,Aconaemys fuscus,130,0.13,,0,-37.23,-71.43
Rodentia,Muridae,Parotomys,brantsii,Parotomys brantsii,130,0.13,,0,-28.85,20.83
Rodentia,Geomyidae,Thomomys,umbrinus,Thomomys umbrinus,126,0.126,,0,25.48,-104.34
Primates,Callitrichidae,Callithrix,pygmaea,Callithrix pygmaea,125,0.125,15.9,1.9875,-5.96,-69.94
Rodentia,Octodontidae,Octomys,mimax,Octomys mimax,125,0.125,,0,-29.37,-68.52
Rodentia,Muridae,Rattus,fuscipes,Rattus fuscipes,125,0.125,1080,135,-26.98,133.65
Rodentia,Muridae,Thallomys,nigricauda,Thallomys nigricauda,125,0.125,,0,-21.81,20.5
Insectivora,Tenrecidae,Hemicentetes,semispinosus,Hemicentetes semispinosus,124,0.124,,0,-19.31,48.44
Chiroptera,Megadermatidae,Macroderma,gigas,Macroderma gigas,124,0.124,,0,-17.6,133.75
Rodentia,Geomyidae,Thomomys,bottae,Thomomys bottae,123,0.123,5250,645.75,32.6,-111.75
Rodentia,Muridae,Sigmodon,ochrognathus,Sigmodon ochrognathus,122,0.122,,0,29.18,-107.38
Rodentia,Muridae,Arvicola,terrestris,Arvicola terrestris,120,0.12,57100,6852,51.2,65.2
Diprotodontia,Petauridae,Petaurus,breviceps,Petaurus breviceps,119,0.119,432,51.408,-20.7,138.59
Primates,Tarsiidae,Tarsius,syrichta,Tarsius syrichta,116,0.116,,0,3.44,122.67
Rodentia,Muridae,Otomys,irroratus,Otomys irroratus,115,0.115,3020,347.3,-25.97,25.61
Rodentia,Bathyergidae,Cryptomys,damarensis,Cryptomys damarensis,112,0.112,,0,-18.37,20.41
Dasyuromorphia,Dasyuridae,Dasycercus,byrnei,Dasycercus byrnei,112,0.112,,0,-26.08,140.94
Rodentia,Sciuridae,Funisciurus,congicus,Funisciurus congicus,112,0.112,1000,112,-8.79,19.59
Rodentia,Muridae,Meriones,tristrami,Meriones tristrami,112,0.112,,0,33.07,38.87
Rodentia,Muridae,Megadontomys,thomasi,Megadontomys thomasi,111,0.111,,0,17.66,-99.6
Rodentia,Muridae,Sigmodon,hispidus,Sigmodon hispidus,111,0.111,1750,194.25,24.06,-90.89
Rodentia,Sciuridae,Funisciurus,isabella,Funisciurus isabella,109,0.109,,0,2.09,12.41
Rodentia,Heteromyidae,Dipodomys,deserti,Dipodomys deserti,108,0.108,161,17.388,34.87,-115.68
Rodentia,Sciuridae,Spermophilus,spilosoma,Spermophilus spilosoma,107,0.107,123,13.161,32.42,-105.4
Rodentia,Muridae,Rattus,lutreolus,Rattus lutreolus,106,0.106,567,60.102,-29.7,145.08
Rodentia,Geomyidae,Thomomys,talpoides,Thomomys talpoides,105,0.105,2230,234.15,44.59,-109.79
Rodentia,Sciuridae,Ammospermophilus,leucurus,Ammospermophilus leucurus,104,0.104,14.5,1.508,33.5,-113.4
Rodentia,Muridae,Otomys,unisulcatus,Otomys unisulcatus,103,0.103,,0,-31.59,22.07
Dasyuromorphia,Dasyuridae,Dasycercus,cristicauda,Dasycercus cristicauda,101,0.101,,0,-25.02,127.2
Rodentia,Octodontidae,Spalacopus,cyanus,Spalacopus cyanus,101,0.101,4500,454.5,-31.66,-71.42
Didelphimorphia,Didelphidae,Monodelphis,domestica,Monodelphis domestica,95.2,0.0952,400,38.08,-14.13,-49.15
Rodentia,Bathyergidae,Cryptomys,bocagei,Cryptomys bocagei,93.9,0.0939,,0,-13.1,19.9
Rodentia,Muridae,Microtus,xanthognathus,Microtus xanthognathus,92.7,0.0927,1000,92.7,61.45,-124.28
Rodentia,Muridae,Tatera,afra,Tatera afra,92.1,0.0921,,0,-32.78,20.36
Chiroptera,Phyllostomidae,Phyllostomus,hastatus,Phyllostomus hastatus,91.1,0.0911,,0,-4.05,-61.68
Rodentia,Muridae,Mystromys,albicaudatus,Mystromys albicaudatus,86.8,0.0868,,0,-29.94,25.08
Rodentia,Octodontidae,Tympanoctomys,barrerae,Tympanoctomys barrerae,86,0.086,,0,-35.64,-68.24
Chiroptera,Pteropodidae,Dobsonia,minor,Dobsonia minor,85.8,0.0858,,0,-5.12,133.56
Rodentia,Muridae,Oxymycterus,roberti,Oxymycterus roberti,83.8,0.0838,270,22.626,-17.57,-44.25
Didelphimorphia,Didelphidae,Monodelphis,brevicaudata,Monodelphis brevicaudata,79.9,0.0799,49,3.9151,-0.82,-60.52
Carnivora,Mustelidae,Mustela,nivalis,Mustela nivalis,79.9,0.0799,12.9,1.03071,51.84,0.27
Rodentia,Muridae,Reithrodon,auritus,Reithrodon auritus,79.8,0.0798,62,4.9476,-39.77,-64.13
Rodentia,Muridae,Pseudomys,gracilicaudatus,Pseudomys gracilicaudatus,79.6,0.0796,,0,-24.45,149.32
Insectivora,Tenrecidae,Limnogale,mergulus,Limnogale mergulus,78.7,0.0787,,0,-20.88,47.63
Chiroptera,Phyllostomidae,Chrotopterus,auritus,Chrotopterus auritus,77.9,0.0779,,0,-4.93,-67.71
Rodentia,Muridae,Euneomys,chinchilloides,Euneomys chinchilloides,75.6,0.0756,,0,-53.46,-69.23
Rodentia,Sciuridae,Tamias,merriami,Tamias merriami,74.8,0.0748,,0,35.54,-119.28
Chiroptera,Pteropodidae,Rousettus,amplexicaudatus,Rousettus amplexicaudatus,74,0.074,,0,4.31,128.79
Rodentia,Bathyergidae,Cryptomys,hottentotus,Cryptomys hottentotus,73.8,0.0738,816,60.2208,-19.22,26.68
Rodentia,Muridae,Tatera,leucogaster,Tatera leucogaster,73.8,0.0738,166,12.2508,-19.25,23.92
Rodentia,Heteromyidae,Heteromys,desmarestianus,Heteromys desmarestianus,72.5,0.0725,661,47.9225,12.8,-85.26
Rodentia,Sciuridae,Glaucomys,volans,Glaucomys volans,72,0.072,448,32.256,30.9,-84.83
Rodentia,Muridae,Meriones,hurrianae,Meriones hurrianae,71.1,0.0711,,0,27.18,64.47
Rodentia,Muridae,Auliscomys,boliviensis,Auliscomys boliviensis,71,0.071,,0,-17.39,-68.49
Rodentia,Muridae,Stochomys,longicaudatus,Stochomys longicaudatus,70.9,0.0709,84.4,5.98396,0.35,19.21
Rodentia,Muridae,Auliscomys,micropus,Auliscomys micropus,70.8,0.0708,231,16.3548,-42.96,-71.91
Rodentia,Heteromyidae,Heteromys,anomalus,Heteromys anomalus,69.1,0.0691,252,17.4132,9.9,-68.56
Rodentia,Myoxidae,Graphiurus,ocularis,Graphiurus ocularis,68.8,0.0688,,0,-30.24,22.49
Rodentia,Muridae,Graomys,griseoflavus,Graomys griseoflavus,68.4,0.0684,,0,-30.38,-62.15
Insectivora,Chrysochloridae,Amblysomus,hottentotus,Amblysomus hottentotus,67.6,0.0676,1000,67.6,-29.34,28.49
Rodentia,Muridae,Lemmus,lemmus,Lemmus lemmus,67.6,0.0676,,0,67.92,31.27
Rodentia,Muridae,Millardia,meltada,Millardia meltada,67.2,0.0672,,0,20.1,76.1
Primates,Galagonidae,Galagoides,demidoff,Galagoides demidoff,67.1,0.0671,58.4,3.91864,-1.1,13.17
Primates,Cheirogaleidae,Microcebus,murinus,Microcebus murinus,66.6,0.0666,461,30.7026,-18.95,46.41
Rodentia,Muridae,Peromyscus,megalops,Peromyscus megalops,66.2,0.0662,,0,16.95,-97.23
Chiroptera,Phyllostomidae,Artibeus,fimbriatus,Artibeus fimbriatus,63.9,0.0639,,0,-23.48,-50.5
Rodentia,Muridae,Lemmus,sibiricus,Lemmus sibiricus,63.3,0.0633,1800,113.94,64.51,-1.76E-08
Rodentia,Heteromyidae,Dipodomys,heermanni,Dipodomys heermanni,63.2,0.0632,1170,73.944,36.65,-120.54
Didelphimorphia,Didelphidae,Marmosa,robinsoni,Marmosa robinsoni,61.7,0.0617,186,11.4762,7.11,-75.32
Rodentia,Sciuridae,Tamias,palmeri,Tamias palmeri,60.8,0.0608,,0,36.33,-115.82
Insectivora,Talpidae,Scapanus,orarius,Scapanus orarius,60.7,0.0607,5000,303.5,44.72,-120.42
Chiroptera,Noctilionidae,Noctilio,leporinus,Noctilio leporinus,60.3,0.0603,,0,-3.78,-72
Rodentia,Heteromyidae,Dipodomys,agilis,Dipodomys agilis,60.2,0.0602,693,41.7186,30.33,-116.05
Rodentia,Dipodidae,Jaculus,jaculus,Jaculus jaculus,59.8,0.0598,,0,24.04,21.36
Insectivora,Talpidae,Scapanus,latimanus,Scapanus latimanus,59.7,0.0597,5000,298.5,37.65,-119.9
Macroscelidea,Macroscelididae,Elephantulus,myurus,Elephantulus myurus,59.5,0.0595,,0,-23.07,28.47
Chiroptera,Phyllostomidae,Artibeus,lituratus,Artibeus lituratus,59.3,0.0593,,0,-3.73,-66.56
Chiroptera,Pteropodidae,Eonycteris,spelaea,Eonycteris spelaea,58.7,0.0587,,0,10.04,101.56
Rodentia,Muridae,Dicrostonyx,groenlandicus,Dicrostonyx groenlandicus,58.7,0.0587,525,30.8175,68.22,-90.36
Rodentia,Muridae,Meriones,unguiculatus,Meriones unguiculatus,57.7,0.0577,,0,45.12,108.49
Rodentia,Muridae,Microtus,californicus,Microtus californicus,57.4,0.0574,13100,751.94,37.02,-119.72
Rodentia,Muridae,Aethomys,namaquensis,Aethomys namaquensis,57.2,0.0572,1380,78.936,-23.16,26.01
Rodentia,Muridae,Sekeetamys,calurus,Sekeetamys calurus,56.6,0.0566,,0,25.29,39.01
Rodentia,Heteromyidae,Dipodomys,microps,Dipodomys microps,56.3,0.0563,1180,66.434,38.81,-116.2
Rodentia,Muridae,Mastomys,natalensis,Mastomys natalensis,56.1,0.0561,1720,96.492,-9.72,12.32
Rodentia,Muridae,Desmodillus,auricularis,Desmodillus auricularis,54.9,0.0549,1280,70.272,-24.93,21.34
Macroscelidea,Macroscelididae,Elephantulus,rufescens,Elephantulus rufescens,52.8,0.0528,200,10.56,1.19,37.53
Rodentia,Muridae,Gerbillus,perpallidus,Gerbillus perpallidus,52.3,0.0523,,0,30.22,27.89
Rodentia,Muridae,Microtus,townsendii,Microtus townsendii,52.1,0.0521,34600,1802.66,45.56,-124.56
Chiroptera,Molossidae,Eumops,perotis,Eumops perotis,50.9,0.0509,,0,3.99,-78.6
Rodentia,Sciuridae,Tamias,amoenus,Tamias amoenus,50.7,0.0507,152,7.7064,45.07,-118.41
Rodentia,Heteromyidae,Dipodomys,ordii,Dipodomys ordii,50.4,0.0504,297,14.9688,34.94,-109.2
Rodentia,Muridae,Saccostomus,campestris,Saccostomus campestris,50.3,0.0503,22,1.1066,-19.68,24.33
Rodentia,Muridae,Lemniscomys,rosalia,Lemniscomys rosalia,50,0.05,,0,-15.23,25.24
Macroscelidea,Macroscelididae,Elephantulus,edwardii,Elephantulus edwardii,49.7,0.0497,1470,73.059,-31.59,21.59
Rodentia,Heteromyidae,Liomys,irroratus,Liomys irroratus,49,0.049,,0,21.89,-100.89
Macroscelidea,Macroscelididae,Elephantulus,intufi,Elephantulus intufi,48.9,0.0489,,0,-19.94,21.12
Rodentia,Muridae,Phyllotis,darwini,Phyllotis darwini,48.9,0.0489,3670,179.463,-30.74,-71.45
Chiroptera,Pteropodidae,Melonycteris,melanops,Melonycteris melanops,47.6,0.0476,,0,-4.33,150.05
Insectivora,Tenrecidae,Microgale,talazaci,Microgale talazaci,47.4,0.0474,,0,-17.69,48.57
Rodentia,Muridae,Dicrostonyx,rubricatus,Dicrostonyx rubricatus,46.9,0.0469,,0,,
Rodentia,Muridae,Calomys,callosus,Calomys callosus,45.7,0.0457,660,30.162,-21.08,-52.05
Macroscelidea,Macroscelididae,Elephantulus,brachyrhynchus,Elephantulus brachyrhynchus,45.1,0.0451,33,1.4883,-12.52,26.13
Dasyuromorphia,Dasyuridae,Antechinus,flavipes,Antechinus flavipes,44.8,0.0448,689,30.8672,-26.92,134.3
Rodentia,Muridae,Microtus,longicaudus,Microtus longicaudus,44.8,0.0448,1200,53.76,50.17,-125.11
Diprotodontia,Burramyidae,Burramys,parvus,Burramys parvus,44.3,0.0443,6130,271.559,-36.29,147.97
Rodentia,Muridae,Apodemus,mystacinus,Apodemus mystacinus,43.9,0.0439,,0,38.65,29.58
Rodentia,Muridae,Microtus,montanus,Microtus montanus,42.9,0.0429,3160,135.564,42.95,-113.63
Rodentia,Sciuridae,Tamias,minimus,Tamias minimus,42.9,0.0429,223,9.5667,50.47,-109.38
Rodentia,Muridae,Gerbillus,pyramidum,Gerbillus pyramidum,42.8,0.0428,,0,25,30.62
Rodentia,Muridae,Peromyscus,californicus,Peromyscus californicus,42.7,0.0427,3670,156.709,34.02,-118.61
Rodentia,Muridae,Microtus,ochrogaster,Microtus ochrogaster,42.5,0.0425,9110,387.175,42.53,-98.63
Rodentia,Muridae,Microtus,pennsylvanicus,Microtus pennsylvanicus,42.5,0.0425,2550,108.375,51.44,-108.29
Scandentia,Tupaiidae,Ptilocercus,lowii,Ptilocercus lowii,42.5,0.0425,,0,0.5,106.78
Rodentia,Heteromyidae,Liomys,salvini,Liomys salvini,42,0.042,578,24.276,12.97,-88.91
Chiroptera,Phyllostomidae,Artibeus,jamaicensis,Artibeus jamaicensis,41.6,0.0416,,0,0.29,-71.79
Rodentia,Heteromyidae,Dipodomys,nitratoides,Dipodomys nitratoides,41.6,0.0416,,0,35.89,-119.78
Chiroptera,Phyllostomidae,Phyllostomus,elongatus,Phyllostomus elongatus,41.4,0.0414,,0,-5.62,-58.25
Insectivora,Chrysochloridae,Chrysochloris,asiatica,Chrysochloris asiatica,40.9,0.0409,1000,40.9,-32.08,19.31
Rodentia,Muridae,Rhabdomys,pumilio,Rhabdomys pumilio,40.7,0.0407,1810,73.667,-16.35,24.72
Rodentia,Muridae,Gerbillus,pusillus,Gerbillus pusillus,39.8,0.0398,,0,-0.29,37.06
Rodentia,Bathyergidae,Heterocephalus,glaber,Heterocephalus glaber,39.4,0.0394,11100,437.34,4.45,43.84
Rodentia,Muridae,Akodon,longipilis,Akodon longipilis,38.9,0.0389,2730,106.197,-42.23,-71.19
Macroscelidea,Macroscelididae,Macroscelides,proboscideus,Macroscelides proboscideus,38.6,0.0386,,0,-26.24,19.64
Insectivora,Tenrecidae,Microgale,dobsoni,Microgale dobsoni,38.5,0.0385,,0,-18.56,48.58
Rodentia,Muridae,Gerbillurus,setzeri,Gerbillurus setzeri,38.3,0.0383,,0,-22.16,14.03
Dasyuromorphia,Dasyuridae,Pseudantechinus,macdonnellensis,Pseudantechinus macdonnellensis,37.9,0.0379,,0,-21.82,125.27
Rodentia,Heteromyidae,Dipodomys,merriami,Dipodomys merriami,37.6,0.0376,370,13.912,30.82,-108.63
Rodentia,Muridae,Steatomys,pratensis,Steatomys pratensis,37.5,0.0375,27.5,1.03125,-10.75,26.26
Chiroptera,Phyllostomidae,Diaemus,youngi,Diaemus youngi,36.5,0.0365,,0,-3.19,-67.19
Chiroptera,Phyllostomidae,Phyllostomus,discolor,Phyllostomus discolor,36.5,0.0365,,0,-1.69,-65.94
Rodentia,Muridae,Clethrionomys,rufocanus,Clethrionomys rufocanus,36.4,0.0364,,0,53.95,0.04
Rodentia,Muridae,Gerbillurus,vallinus,Gerbillurus vallinus,35.3,0.0353,,0,-27.61,18.82
Rodentia,Muridae,Microtus,mexicanus,Microtus mexicanus,34.9,0.0349,1500,52.35,23.6,-102.58
Rodentia,Muridae,Notomys,cervinus,Notomys cervinus,34.8,0.0348,,0,-27.92,137.84
Chiroptera,Pteropodidae,Cynopterus,brachyotis,Cynopterus brachyotis,33.5,0.0335,,0,9.43,100.48
Rodentia,Muridae,Microtus,oeconomus,Microtus oeconomus,33.1,0.0331,4040,133.724,58.24,0.12
Chiroptera,Phyllostomidae,Desmodus,rotundus,Desmodus rotundus,33,0.033,,0,-3.4,-72.84
Insectivora,Soricidae,Crocidura,olivieri,Crocidura olivieri,32.9,0.0329,73.4,2.41486,16.67,19.21
Insectivora,Tenrecidae,Oryzorictes,hova,Oryzorictes hova,32.6,0.0326,,0,-16.96,49.29
Rodentia,Muridae,Notomys,alexis,Notomys alexis,32.3,0.0323,,0,-25.59,127.54
Rodentia,Muridae,Apodemus,flavicollis,Apodemus flavicollis,31.6,0.0316,1770,55.932,51.12,25.97
Chiroptera,Noctilionidae,Noctilio,albiventris,Noctilio albiventris,31.3,0.0313,,0,-7.11,-64.06
Rodentia,Muridae,Gerbillus,allenbyi,Gerbillus allenbyi,31.1,0.0311,,0,32.13,34.77
Rodentia,Muridae,Podomys,floridanus,Podomys floridanus,30.8,0.0308,,0,27.63,-81.6
Insectivora,Soricidae,Crocidura,flavescens,Crocidura flavescens,30.5,0.0305,,0,-30.94,25.23
Rodentia,Muridae,Phodopus,sungorus,Phodopus sungorus,30.4,0.0304,60,1.824,50.89,79.18
Rodentia,Muridae,Myopus,schisticolor,Myopus schisticolor,30,0.03,,0,57.75,89.18
Rodentia,Muridae,Microtus,canicaudus,Microtus canicaudus,29.9,0.0299,,0,44.97,-122.91
Rodentia,Muridae,Gerbillurus,tytonis,Gerbillurus tytonis,29.8,0.0298,1700,50.66,-24.78,15.47
Chiroptera,Pteropodidae,Nyctimene,albiventer,Nyctimene albiventer,29.8,0.0298,,0,-4.02,140.19
Dasyuromorphia,Dasyuridae,Antechinus,stuartii,Antechinus stuartii,29.7,0.0297,329,9.7713,-27.86,147.65
Didelphimorphia,Didelphidae,Gracilinanus,microtarsus,Gracilinanus microtarsus,29.6,0.0296,,0,-24.9,-46.63
Rodentia,Muridae,Peromyscus,sitkensis,Peromyscus sitkensis,28.3,0.0283,1010,28.583,56.52,-133.81
Chiroptera,Phyllostomidae,Diphylla,ecaudata,Diphylla ecaudata,28.1,0.0281,,0,2.82,-68.91
Rodentia,Muridae,Akodon,lanosus,Akodon lanosus,27.9,0.0279,,0,-52.76,-71.02
Rodentia,Muridae,Peromyscus,gossypinus,Peromyscus gossypinus,27.7,0.0277,513,14.2101,31.36,-86.16
Chiroptera,Phyllostomidae,Tonatia,bidens,Tonatia bidens,27.7,0.0277,,0,-4.75,-63.2
Rodentia,Muridae,Oligoryzomys,longicaudatus,Oligoryzomys longicaudatus,27.6,0.0276,356,9.8256,-33.71,-69.02
Rodentia,Muridae,Gerbillus,dasyurus,Gerbillus dasyurus,27.5,0.0275,,0,23.77,46.12
Rodentia,Muridae,Phodopus,campbelli,Phodopus campbelli,27.1,0.0271,20,0.542,44.64,103.32
Diprotodontia,Burramyidae,Cercartetus,nanus,Cercartetus nanus,27,0.027,789,21.303,-35.06,146.65
Rodentia,Muridae,Gerbillus,gerbillus,Gerbillus gerbillus,27,0.027,,0,21.6,17.18
Rodentia,Muridae,Peromyscus,truei,Peromyscus truei,27,0.027,1420,38.34,31.77,-109.51
Rodentia,Muridae,Akodon,olivaceus,Akodon olivaceus,26.9,0.0269,2540,68.326,-35.02,-72.39
Rodentia,Muridae,Microtus,arvalis,Microtus arvalis,26.9,0.0269,17600,473.44,50.72,20.47
Chiroptera,Vespertilionidae,Lasiurus,cinereus,Lasiurus cinereus,26.8,0.0268,,0,12.6,-100.84
Rodentia,Muridae,Acomys,spinosissimus,Acomys spinosissimus,26.5,0.0265,204,5.406,-15.08,32.38
Dasyuromorphia,Dasyuridae,Sminthopsis,laniger,Sminthopsis laniger,26.1,0.0261,,0,-27.09,131.24
Rodentia,Muridae,Akodon,albiventer,Akodon albiventer,26,0.026,,0,-21.02,-67.76
Rodentia,Muridae,Microtus,pinetorum,Microtus pinetorum,26,0.026,1460,37.96,37.42,-84.91
Rodentia,Muridae,Gerbillurus,paeba,Gerbillurus paeba,25.9,0.0259,873,22.6107,-24.89,22.75
Rodentia,Muridae,Gerbillus,nanus,Gerbillus nanus,25.5,0.0255,,0,21.7,33.72
Chiroptera,Vespertilionidae,Myotis,vivesi,Myotis vivesi,25.5,0.0255,,0,27.7,-112.6
Rodentia,Muridae,Akodon,azarae,Akodon azarae,25.3,0.0253,7790,197.087,-29.65,-60.74
Rodentia,Muridae,Phenacomys,intermedius,Phenacomys intermedius,25.2,0.0252,557,14.0364,47,-120.31
Chiroptera,Pteropodidae,Paranyctimene,raptor,Paranyctimene raptor,24.7,0.0247,,0,-5.79,140.72
Chiroptera,Phyllostomidae,Leptonycteris,curasoae,Leptonycteris curasoae,24.4,0.0244,,0,19.01,-88.77
Chiroptera,Phyllostomidae,Sturnira,tildae,Sturnira tildae,24.4,0.0244,,0,-7.74,-56.8
Chiroptera,Phyllostomidae,Platyrrhinus,lineatus,Platyrrhinus lineatus,24.1,0.0241,,0,-10.71,-57.27
Dasyuromorphia,Dasyuridae,Sminthopsis,macroura,Sminthopsis macroura,24,0.024,,0,-24.29,132.23
Rodentia,Muridae,Peromyscus,boylii,Peromyscus boylii,23.9,0.0239,525,12.5475,32.94,-110.96
Chiroptera,Vespertilionidae,Lasiurus,intermedius,Lasiurus intermedius,22.9,0.0229,,0,27.01,-90.45
Rodentia,Muridae,Ochrotomys,nuttalli,Ochrotomys nuttalli,22.8,0.0228,304,6.9312,33.05,-85.93
Rodentia,Muridae,Peromyscus,eremicus,Peromyscus eremicus,22.7,0.0227,425,9.6475,29.7,-109.52
Insectivora,Chrysochloridae,Eremitalpa,granti,Eremitalpa granti,22.4,0.0224,37.1,0.83104,,
Chiroptera,Vespertilionidae,Antrozous,pallidus,Antrozous pallidus,22.2,0.0222,,0,34.54,-99.34
Rodentia,Dipodidae,Napaeozapus,insignis,Napaeozapus insignis,22.2,0.0222,667,14.8074,44.4,-76.22
Rodentia,Muridae,Acomys,subspinosus,Acomys subspinosus,21.9,0.0219,3540,77.526,-32.84,21.31
Rodentia,Muridae,Apodemus,sylvaticus,Apodemus sylvaticus,21.9,0.0219,780,17.082,47.53,14.65
Rodentia,Muridae,Arborimus,longicaudus,Arborimus longicaudus,21.8,0.0218,,0,43.6,-123.01
Rodentia,Muridae,Onychomys,torridus,Onychomys torridus,21.7,0.0217,157,3.4069,33.55,-114.24
Rodentia,Muridae,Apodemus,hermonensis,Apodemus hermonensis,20.7,0.0207,,0,33.51,35.78
Rodentia,Muridae,Clethrionomys,glareolus,Clethrionomys glareolus,20.7,0.0207,3700,76.59,53.56,42.34
Rodentia,Muridae,Calomys,lepidus,Calomys lepidus,20.6,0.0206,,0,-16.37,-70.61
Rodentia,Muridae,Calomys,musculinus,Calomys musculinus,20.2,0.0202,257,5.1914,-31.61,-63.02
Chiroptera,Phyllostomidae,Sturnira,lilium,Sturnira lilium,20.2,0.0202,,0,-2.47,-72.71
Rodentia,Muridae,Peromyscus,maniculatus,Peromyscus maniculatus,20.1,0.0201,661,13.2861,40.92,-97.65
Rodentia,Muridae,Clethrionomys,rutilus,Clethrionomys rutilus,19.9,0.0199,4130,82.187,55.73,3.99
Chiroptera,Phyllostomidae,Chiroderma,doriae,Chiroderma doriae,19.9,0.0199,,0,-21.51,-45.23
Rodentia,Muridae,Clethrionomys,gapperi,Clethrionomys gapperi,19.8,0.0198,1190,23.562,47.63,-94.16
Chiroptera,Phyllostomidae,Artibeus,concolor,Artibeus concolor,19.6,0.0196,,0,-1.5,-55.01
Chiroptera,Mormoopidae,Pteronotus,parnellii,Pteronotus parnellii,19.5,0.0195,,0,6.41,-73.16
Rodentia,Muridae,Mus,musculus,Mus musculus,19.3,0.0193,4900,94.57,,
Chiroptera,Phyllostomidae,Carollia,perspicillata,Carollia perspicillata,19.1,0.0191,,0,-4.14,-66.5
Insectivora,Soricidae,Blarina,brevicauda,Blarina brevicauda,18.4,0.0184,919,16.9096,44.24,-85.41
Rodentia,Dipodidae,Zapus,hudsonius,Zapus hudsonius,18.4,0.0184,882,16.2288,48.34,-109.5
Rodentia,Muridae,Clethrionomys,californicus,Clethrionomys californicus,18.3,0.0183,440,8.052,42.06,-122.57
Rodentia,Muridae,Peromyscus,leucopus,Peromyscus leucopus,18.1,0.0181,1420,25.702,33.49,-87.53
Rodentia,Muridae,Microtus,subterraneus,Microtus subterraneus,17.8,0.0178,,0,50.81,18.72
Chiroptera,Pteropodidae,Syconycteris,australis,Syconycteris australis,17.6,0.0176,,0,-16.55,140.13
Rodentia,Muridae,Eligmodontia,typus,Eligmodontia typus,17.4,0.0174,,0,-41.17,-64.68
Chiroptera,Vespertilionidae,Eptesicus,fuscus,Eptesicus fuscus,17.3,0.0173,,0,31.15,-93
Rodentia,Muridae,Malacothrix,typica,Malacothrix typica,17,0.017,,0,-21.23,20.87
Dasyuromorphia,Dasyuridae,Sminthopsis,murina,Sminthopsis murina,17,0.017,600,10.2,-27.47,146.41
Insectivora,Soricidae,Crocidura,poensis,Crocidura poensis,16.7,0.0167,,0,3.06,1.41
Rodentia,Muridae,Mus,spretus,Mus spretus,16.7,0.0167,,0,36.16,1.26
Chiroptera,Pteropodidae,Macroglossus,minimus,Macroglossus minimus,16.3,0.0163,,0,-1.28,128.79
Rodentia,Muridae,Peromyscus,crinitus,Peromyscus crinitus,16.3,0.0163,1210,19.723,36.88,-114.32
Dasyuromorphia,Dasyuridae,Sminthopsis,crassicaudata,Sminthopsis crassicaudata,16.3,0.0163,50,0.815,-28.79,132.03
Chiroptera,Phyllostomidae,Uroderma,bilobatum,Uroderma bilobatum,16.2,0.0162,,0,-3.16,-65.09
Chiroptera,Pteropodidae,Megaloglossus,woermanni,Megaloglossus woermanni,16.1,0.0161,,0,-1.12,10.62
Chiroptera,Phyllostomidae,Erophylla,sezekorni,Erophylla sezekorni,16,0.016,,0,22.26,-75.27
Chiroptera,Mormoopidae,Mormoops,megalophylla,Mormoops megalophylla,16,0.016,,0,13.01,-87.94
Insectivora,Soricidae,Crocidura,viaria,Crocidura viaria,15.8,0.0158,,0,16.06,12.03
Rodentia,Muridae,Scotinomys,xerampelinus,Scotinomys xerampelinus,15.1,0.0151,,0,9.41,-83.06
Insectivora,Soricidae,Neomys,fodiens,Neomys fodiens,14.8,0.0148,320,4.736,55.58,67.73
Rodentia,Muridae,Peromyscus,polionotus,Peromyscus polionotus,14.3,0.0143,889,12.7127,30.55,-84.25
Rodentia,Muridae,Pseudomys,hermannsburgensis,Pseudomys hermannsburgensis,14.3,0.0143,,0,-24.73,129.59
Diprotodontia,Burramyidae,Cercartetus,concinnus,Cercartetus concinnus,14.1,0.0141,,0,-33.82,128.64
Chiroptera,Vespertilionidae,Chalinolobus,gouldii,Chalinolobus gouldii,14.1,0.0141,,0,-27.37,140.61
Diprotodontia,Acrobatidae,Acrobates,pygmaeus,Acrobates pygmaeus,13.9,0.0139,900,12.51,-24.91,145.86
Chiroptera,Molossidae,Molossus,molossus,Molossus molossus,13.8,0.0138,,0,-5.16,-71.68
Insectivora,Soricidae,Crocidura,luna,Crocidura luna,13.5,0.0135,,0,-8.38,30.71
Rodentia,Heteromyidae,Microdipodops,pallidus,Microdipodops pallidus,13.4,0.0134,,0,38.57,-117.47
Chiroptera,Phyllostomidae,Glossophaga,longirostris,Glossophaga longirostris,13.2,0.0132,,0,7.43,-67.14
Chiroptera,Molossidae,Nyctinomops,laticaudatus,Nyctinomops laticaudatus,13,0.013,,0,-3.34,-67.68
Insectivora,Soricidae,Neomys,anomalus,Neomys anomalus,12.6,0.0126,,0,45.32,16.18
Chiroptera,Vespertilionidae,Lasiurus,borealis,Lasiurus borealis,12.3,0.0123,,0,8.3,-86.56
Rodentia,Heteromyidae,Microdipodops,megacephalus,Microdipodops megacephalus,12.3,0.0123,,0,40.82,-116.76
Dasyuromorphia,Dasyuridae,Planigale,maculata,Planigale maculata,12.3,0.0123,,0,-21.9,134.12
Chiroptera,Molossidae,Tadarida,brasiliensis,Tadarida brasiliensis,12.2,0.0122,,0,1.23,-81.11
Chiroptera,Phyllostomidae,Macrotus,californicus,Macrotus californicus,11.8,0.0118,,0,29.76,-112.13
Rodentia,Muridae,Scotinomys,teguina,Scotinomys teguina,11.6,0.0116,,0,12.73,-88.67
Chiroptera,Vespertilionidae,Histiotus,velatus,Histiotus velatus,11.3,0.0113,,0,-21.31,-49.19
Chiroptera,Phyllostomidae,Anoura,caudifera,Anoura caudifera,10.7,0.0107,,0,-8.12,-58.68
Rodentia,Muridae,Reithrodontomys,megalotis,Reithrodontomys megalotis,10.7,0.0107,1170,12.519,33.28,-105.73
Insectivora,Soricidae,Crocidura,leucodon,Crocidura leucodon,10.6,0.0106,,0,42.54,27.28
Chiroptera,Vespertilionidae,Nyctophilus,gouldi,Nyctophilus gouldi,10.2,0.0102,,0,-23.44,134.3
Chiroptera,Rhinolophidae,Hipposideros,galeritus,Hipposideros galeritus,10.1,0.0101,,0,8.43,98.41
Insectivora,Soricidae,Crocidura,hildegardeae,Crocidura hildegardeae,9.96,0.00996,352,3.50592,1.62,20.04
Chiroptera,Phyllostomidae,Glossophaga,soricina,Glossophaga soricina,9.9,0.0099,,0,-2.61,-72.76
Chiroptera,Vespertilionidae,Lasiurus,seminolus,Lasiurus seminolus,9.87,0.00987,,0,34.34,-81.83
Chiroptera,Vespertilionidae,Myotis,velifer,Myotis velifer,9.78,0.00978,,0,27.11,-100.43
Diprotodontia,Tarsipedidae,Tarsipes,rostratus,Tarsipes rostratus,9.74,0.00974,29700,289.278,-31.3,119.82
Chiroptera,Phyllostomidae,Rhinophylla,fischerae,Rhinophylla fischerae,9.59,0.00959,,0,-4.69,-62.29
Chiroptera,Phyllostomidae,Rhinophylla,pumilio,Rhinophylla pumilio,9.54,0.00954,,0,-4.6,-57.03
Chiroptera,Mormoopidae,Pteronotus,davyi,Pteronotus davyi,9.48,0.00948,,0,10.77,-86.23
Insectivora,Soricidae,Crocidura,russula,Crocidura russula,9.46,0.00946,8850,83.721,42.1,9.63
Dasyuromorphia,Dasyuridae,Planigale,gilesi,Planigale gilesi,9.44,0.00944,740,6.9856,-29.48,141.82
Dasyuromorphia,Dasyuridae,Ningaui,yvonnae,Ningaui yvonnae,9.4,0.0094,,0,-31.98,132.89
Chiroptera,Vespertilionidae,Nycticeius,humeralis,Nycticeius humeralis,9.11,0.00911,,0,31.3,-87.74
Insectivora,Soricidae,Sorex,coronatus,Sorex coronatus,9.06,0.00906,1320,11.9592,47.24,2.9
Rodentia,Dipodidae,Sicista,betulina,Sicista betulina,8.93,0.00893,,0,56.24,58.87
Insectivora,Soricidae,Sorex,araneus,Sorex araneus,8.83,0.00883,1840,16.2472,53.76,52.49
Chiroptera,Phyllostomidae,Monophyllus,redmani,Monophyllus redmani,8.78,0.00878,,0,20.39,-75.27
Chiroptera,Mormoopidae,Mormoops,blainvillii,Mormoops blainvillii,8.68,0.00868,,0,20.39,-75.27
Insectivora,Soricidae,Crocidura,crossei,Crocidura crossei,8.65,0.00865,,0,6.61,-1.67
Chiroptera,Phyllostomidae,Vampyressa,pusilla,Vampyressa pusilla,8.6,0.0086,,0,-7.26,-67.88
Diprotodontia,Burramyidae,Cercartetus,lepidus,Cercartetus lepidus,8.1,0.0081,,0,-38.97,142.44
Rodentia,Heteromyidae,Perognathus,longimembris,Perognathus longimembris,8.08,0.00808,174,1.40592,35.77,-116.17
Chiroptera,Emballonuridae,Saccopteryx,bilineata,Saccopteryx bilineata,8.08,0.00808,,0,0.5,-70.24
Rodentia,Heteromyidae,Perognathus,flavus,Perognathus flavus,7.98,0.00798,150,1.197,31.11,-105.38
Chiroptera,Mormoopidae,Pteronotus,personatus,Pteronotus personatus,7.94,0.00794,,0,5.64,-72.6
Chiroptera,Phyllostomidae,Choeroniscus,godmani,Choeroniscus godmani,7.84,0.00784,,0,12.98,-79.92
Insectivora,Soricidae,Sorex,alpinus,Sorex alpinus,7.78,0.00778,,0,46.5,16.01
Chiroptera,Vespertilionidae,Myotis,lucifugus,Myotis lucifugus,7.77,0.00777,,0,42.9,-108.92
Rodentia,Muridae,Baiomys,taylori,Baiomys taylori,7.44,0.00744,2470,18.3768,26.19,-102.47
Chiroptera,Vespertilionidae,Nyctophilus,geoffroyi,Nyctophilus geoffroyi,7.27,0.00727,,0,-27.37,133.39
Rodentia,Muridae,Micromys,minutus,Micromys minutus,7,0.007,,0,43.32,68.17
Insectivora,Tenrecidae,Geogale,aurita,Geogale aurita,6.8,0.0068,,0,-22.55,45.06
Rodentia,Muridae,Mus,minutoides,Mus minutoides,6.44,0.00644,92.6,0.596344,-24.47,26.99
Dasyuromorphia,Dasyuridae,Planigale,ingrami,Planigale ingrami,6.44,0.00644,,0,-18.58,133.58
Chiroptera,Natalidae,Natalus,tumidirostris,Natalus tumidirostris,6.25,0.00625,,0,6.82,-64.28
Chiroptera,Emballonuridae,Peropteryx,macrotis,Peropteryx macrotis,5.6,0.0056,,0,-1.83,-65.9
Chiroptera,Mormoopidae,Pteronotus,quadridens,Pteronotus quadridens,5.6,0.0056,,0,20.39,-75.27
Chiroptera,Vespertilionidae,Myotis,yumanensis,Myotis yumanensis,5.15,0.00515,,0,37.19,-114.95
Insectivora,Soricidae,Sorex,ornatus,Sorex ornatus,5.1,0.0051,11100,56.61,31.46,-116.48
Chiroptera,Emballonuridae,Saccopteryx,leptura,Saccopteryx leptura,4.89,0.00489,,0,-1.79,-64.31
Insectivora,Soricidae,Notiosorex,crawfordi,Notiosorex crawfordi,4.87,0.00487,2400,11.688,28.67,-107.26
Insectivora,Soricidae,Cryptotis,parva,Cryptotis parva,4.85,0.00485,494,2.3959,26.87,-88.9
Chiroptera,Vespertilionidae,Myotis,nigricans,Myotis nigricans,4.24,0.00424,,0,-2.93,-67.62
Insectivora,Soricidae,Sorex,cinereus,Sorex cinereus,4.14,0.00414,1110,4.5954,51.94,-111.87
Insectivora,Soricidae,Sorex,minutus,Sorex minutus,4.14,0.00414,850,3.519,49.56,52.25
